web_scraper_order,web_scraper_start_url,date,open,high,low,close_close_price_adjusted_for_splits,adj_close_adjusted_close_price_adjusted_for_splits_and_dividend_andor_capital_gain_distributions,volume
"1767779644-1","https://finance.yahoo.com/quote/AKPI.JK/history/?period1=1718582400&period2=1766016000","Dec 17, 2025","575.00","585.00","565.00","565.00","565.00","130,500"
"1767779644-2","https://finance.yahoo.com/quote/AKPI.JK/history/?period1=1718582400&period2=1766016000","Dec 16, 2025","565.00","570.00","560.00","570.00","570.00","160,400"
"1767779644-3","https://finance.yahoo.com/quote/AKPI.JK/history/?period1=1718582400&period2=1766016000","Dec 15, 2025","570.00","580.00","565.00","565.00","565.00","89,200"
"1767779644-4","https://finance.yahoo.com/quote/AKPI.JK/history/?period1=1718582400&period2=1766016000","Dec 12, 2025","570.00","575.00","565.00","565.00","565.00","77,100"
"1767779644-5","https://finance.yahoo.com/quote/AKPI.JK/history/?period1=1718582400&period2=1766016000","Dec 11, 2025","565.00","570.00","560.00","565.00","565.00","31,400"
"1767779644-6","https://finance.yahoo.com/quote/AKPI.JK/history/?period1=1718582400&period2=1766016000","Dec 10, 2025","570.00","570.00","560.00","570.00","570.00","51,100"
"1767779644-7","https://finance.yahoo.com/quote/AKPI.JK/history/?period1=1718582400&period2=1766016000","Dec 9, 2025","570.00","575.00","555.00","565.00","565.00","29,500"
"1767779644-8","https://finance.yahoo.com/quote/AKPI.JK/history/?period1=1718582400&period2=1766016000","Dec 8, 2025","575.00","575.00","565.00","570.00","570.00","29,800"
"1767779644-9","https://finance.yahoo.com/quote/AKPI.JK/history/?period1=1718582400&period2=1766016000","Dec 5, 2025","575.00","575.00","560.00","565.00","565.00","193,600"
"1767779644-10","https://finance.yahoo.com/quote/AKPI.JK/history/?period1=1718582400&period2=1766016000","Dec 4, 2025","575.00","575.00","560.00","570.00","570.00","9,200"
"1767779644-11","https://finance.yahoo.com/quote/AKPI.JK/history/?period1=1718582400&period2=1766016000","Dec 3, 2025","570.00","575.00","560.00","570.00","570.00","9,900"
"1767779644-12","https://finance.yahoo.com/quote/AKPI.JK/history/?period1=1718582400&period2=1766016000","Dec 2, 2025","565.00","585.00","560.00","570.00","570.00","21,700"
"1767779644-13","https://finance.yahoo.com/quote/AKPI.JK/history/?period1=1718582400&period2=1766016000","Dec 1, 2025","580.00","580.00","565.00","570.00","570.00","5,900"
"1767779644-14","https://finance.yahoo.com/quote/AKPI.JK/history/?period1=1718582400&period2=1766016000","Nov 28, 2025","575.00","580.00","570.00","575.00","575.00","12,800"
"1767779644-15","https://finance.yahoo.com/quote/AKPI.JK/history/?period1=1718582400&period2=1766016000","Nov 27, 2025","575.00","590.00","570.00","570.00","570.00","18,000"
"1767779644-16","https://finance.yahoo.com/quote/AKPI.JK/history/?period1=1718582400&period2=1766016000","Nov 26, 2025","570.00","575.00","565.00","570.00","570.00","44,800"
"1767779644-17","https://finance.yahoo.com/quote/AKPI.JK/history/?period1=1718582400&period2=1766016000","Nov 25, 2025","575.00","575.00","570.00","570.00","570.00","31,000"
"1767779644-18","https://finance.yahoo.com/quote/AKPI.JK/history/?period1=1718582400&period2=1766016000","Nov 24, 2025","575.00","580.00","570.00","575.00","575.00","12,000"
"1767779644-19","https://finance.yahoo.com/quote/AKPI.JK/history/?period1=1718582400&period2=1766016000","Nov 21, 2025","580.00","585.00","565.00","570.00","570.00","44,300"
"1767779644-20","https://finance.yahoo.com/quote/AKPI.JK/history/?period1=1718582400&period2=1766016000","Nov 20, 2025","580.00","585.00","575.00","580.00","580.00","16,700"
"1767779644-21","https://finance.yahoo.com/quote/AKPI.JK/history/?period1=1718582400&period2=1766016000","Nov 19, 2025","575.00","580.00","570.00","575.00","575.00","49,200"
"1767779644-22","https://finance.yahoo.com/quote/AKPI.JK/history/?period1=1718582400&period2=1766016000","Nov 18, 2025","580.00","580.00","570.00","575.00","575.00","18,500"
"1767779644-23","https://finance.yahoo.com/quote/AKPI.JK/history/?period1=1718582400&period2=1766016000","Nov 17, 2025","575.00","585.00","575.00","580.00","580.00","25,600"
"1767779644-24","https://finance.yahoo.com/quote/AKPI.JK/history/?period1=1718582400&period2=1766016000","Nov 14, 2025","580.00","585.00","575.00","585.00","585.00","22,900"
"1767779644-25","https://finance.yahoo.com/quote/AKPI.JK/history/?period1=1718582400&period2=1766016000","Nov 13, 2025","585.00","585.00","575.00","575.00","575.00","6,600"
"1767779644-26","https://finance.yahoo.com/quote/AKPI.JK/history/?period1=1718582400&period2=1766016000","Nov 12, 2025","585.00","590.00","580.00","585.00","585.00","28,100"
"1767779644-27","https://finance.yahoo.com/quote/AKPI.JK/history/?period1=1718582400&period2=1766016000","Nov 11, 2025","585.00","590.00","580.00","585.00","585.00","49,300"
"1767779644-28","https://finance.yahoo.com/quote/AKPI.JK/history/?period1=1718582400&period2=1766016000","Nov 10, 2025","585.00","595.00","580.00","580.00","580.00","4,700"
"1767779644-29","https://finance.yahoo.com/quote/AKPI.JK/history/?period1=1718582400&period2=1766016000","Nov 7, 2025","600.00","600.00","580.00","580.00","580.00","26,900"
"1767779644-30","https://finance.yahoo.com/quote/AKPI.JK/history/?period1=1718582400&period2=1766016000","Nov 6, 2025","590.00","600.00","590.00","595.00","595.00","19,300"
"1767779644-31","https://finance.yahoo.com/quote/AKPI.JK/history/?period1=1718582400&period2=1766016000","Nov 5, 2025","590.00","590.00","580.00","590.00","590.00","11,500"
"1767779644-32","https://finance.yahoo.com/quote/AKPI.JK/history/?period1=1718582400&period2=1766016000","Nov 4, 2025","590.00","590.00","580.00","580.00","580.00","13,800"
"1767779644-33","https://finance.yahoo.com/quote/AKPI.JK/history/?period1=1718582400&period2=1766016000","Nov 3, 2025","575.00","620.00","575.00","585.00","585.00","87,100"
"1767779644-34","https://finance.yahoo.com/quote/AKPI.JK/history/?period1=1718582400&period2=1766016000","Oct 31, 2025","625.00","625.00","570.00","590.00","590.00","232,000"
"1767779644-35","https://finance.yahoo.com/quote/AKPI.JK/history/?period1=1718582400&period2=1766016000","Oct 30, 2025","580.00","630.00","575.00","630.00","630.00","155,500"
"1767779644-36","https://finance.yahoo.com/quote/AKPI.JK/history/?period1=1718582400&period2=1766016000","Oct 29, 2025","570.00","590.00","570.00","570.00","570.00","5,700"
"1767779644-37","https://finance.yahoo.com/quote/AKPI.JK/history/?period1=1718582400&period2=1766016000","Oct 28, 2025","595.00","595.00","575.00","575.00","575.00","2,600"
"1767779644-38","https://finance.yahoo.com/quote/AKPI.JK/history/?period1=1718582400&period2=1766016000","Oct 27, 2025","585.00","600.00","570.00","585.00","585.00","6,400"
"1767779644-39","https://finance.yahoo.com/quote/AKPI.JK/history/?period1=1718582400&period2=1766016000","Oct 24, 2025","580.00","615.00","550.00","570.00","570.00","144,700"
"1767779644-40","https://finance.yahoo.com/quote/AKPI.JK/history/?period1=1718582400&period2=1766016000","Oct 23, 2025","580.00","595.00","570.00","580.00","580.00","13,200"
"1767779644-41","https://finance.yahoo.com/quote/AKPI.JK/history/?period1=1718582400&period2=1766016000","Oct 22, 2025","580.00","630.00","565.00","580.00","580.00","174,800"
"1767779644-42","https://finance.yahoo.com/quote/AKPI.JK/history/?period1=1718582400&period2=1766016000","Oct 21, 2025","565.00","580.00","565.00","580.00","580.00","114,800"
"1767779644-43","https://finance.yahoo.com/quote/AKPI.JK/history/?period1=1718582400&period2=1766016000","Oct 20, 2025","555.00","570.00","555.00","565.00","565.00","52,900"
"1767779644-44","https://finance.yahoo.com/quote/AKPI.JK/history/?period1=1718582400&period2=1766016000","Oct 17, 2025","570.00","570.00","550.00","555.00","555.00","35,000"
"1767779644-45","https://finance.yahoo.com/quote/AKPI.JK/history/?period1=1718582400&period2=1766016000","Oct 16, 2025","555.00","570.00","550.00","570.00","570.00","12,900"
"1767779644-46","https://finance.yahoo.com/quote/AKPI.JK/history/?period1=1718582400&period2=1766016000","Oct 15, 2025","555.00","565.00","550.00","565.00","565.00","8,800"
"1767779644-47","https://finance.yahoo.com/quote/AKPI.JK/history/?period1=1718582400&period2=1766016000","Oct 14, 2025","555.00","570.00","550.00","565.00","565.00","58,600"
"1767779644-48","https://finance.yahoo.com/quote/AKPI.JK/history/?period1=1718582400&period2=1766016000","Oct 13, 2025","565.00","565.00","510.00","555.00","555.00","122,500"
"1767779644-49","https://finance.yahoo.com/quote/AKPI.JK/history/?period1=1718582400&period2=1766016000","Oct 10, 2025","570.00","570.00","560.00","565.00","565.00","52,600"
"1767779644-50","https://finance.yahoo.com/quote/AKPI.JK/history/?period1=1718582400&period2=1766016000","Oct 9, 2025","600.00","600.00","530.00","560.00","560.00","358,100"
"1767779644-51","https://finance.yahoo.com/quote/AKPI.JK/history/?period1=1718582400&period2=1766016000","Oct 8, 2025","605.00","605.00","575.00","600.00","600.00","160,800"
"1767779644-52","https://finance.yahoo.com/quote/AKPI.JK/history/?period1=1718582400&period2=1766016000","Oct 7, 2025","590.00","610.00","570.00","590.00","590.00","136,700"
"1767779644-53","https://finance.yahoo.com/quote/AKPI.JK/history/?period1=1718582400&period2=1766016000","Oct 6, 2025","575.00","615.00","560.00","610.00","610.00","900,000"
"1767779644-54","https://finance.yahoo.com/quote/AKPI.JK/history/?period1=1718582400&period2=1766016000","Oct 3, 2025","570.00","575.00","560.00","565.00","565.00","14,100"
"1767779644-55","https://finance.yahoo.com/quote/AKPI.JK/history/?period1=1718582400&period2=1766016000","Oct 2, 2025","570.00","580.00","565.00","570.00","570.00","12,600"
"1767779644-56","https://finance.yahoo.com/quote/AKPI.JK/history/?period1=1718582400&period2=1766016000","Oct 1, 2025","565.00","565.00","555.00","560.00","560.00","59,200"
"1767779644-57","https://finance.yahoo.com/quote/AKPI.JK/history/?period1=1718582400&period2=1766016000","Sep 30, 2025","575.00","575.00","555.00","560.00","560.00","1,347,000"
"1767779644-58","https://finance.yahoo.com/quote/AKPI.JK/history/?period1=1718582400&period2=1766016000","Sep 29, 2025","580.00","580.00","565.00","575.00","575.00","161,200"
"1767779644-59","https://finance.yahoo.com/quote/AKPI.JK/history/?period1=1718582400&period2=1766016000","Sep 26, 2025","570.00","600.00","565.00","585.00","585.00","367,000"
"1767779644-60","https://finance.yahoo.com/quote/AKPI.JK/history/?period1=1718582400&period2=1766016000","Sep 25, 2025","575.00","600.00","565.00","575.00","575.00","15,000"
"1767779644-61","https://finance.yahoo.com/quote/AKPI.JK/history/?period1=1718582400&period2=1766016000","Sep 24, 2025","580.00","580.00","560.00","565.00","565.00","324,500"
"1767779644-62","https://finance.yahoo.com/quote/AKPI.JK/history/?period1=1718582400&period2=1766016000","Sep 23, 2025","570.00","570.00","555.00","570.00","570.00","164,300"
"1767779644-63","https://finance.yahoo.com/quote/AKPI.JK/history/?period1=1718582400&period2=1766016000","Sep 22, 2025","590.00","595.00","550.00","575.00","575.00","192,400"
"1767779644-64","https://finance.yahoo.com/quote/AKPI.JK/history/?period1=1718582400&period2=1766016000","Sep 19, 2025","625.00","625.00","550.00","585.00","585.00","178,500"
"1767779644-65","https://finance.yahoo.com/quote/AKPI.JK/history/?period1=1718582400&period2=1766016000","Sep 18, 2025","675.00","680.00","585.00","585.00","585.00","471,800"
"1767779644-66","https://finance.yahoo.com/quote/AKPI.JK/history/?period1=1718582400&period2=1766016000","Sep 17, 2025","560.00","700.00","555.00","685.00","685.00","198,200"
"1767779644-67","https://finance.yahoo.com/quote/AKPI.JK/history/?period1=1718582400&period2=1766016000","Sep 16, 2025","570.00","570.00","560.00","560.00","560.00","20,900"
"1767779644-68","https://finance.yahoo.com/quote/AKPI.JK/history/?period1=1718582400&period2=1766016000","Sep 15, 2025","565.00","565.00","560.00","565.00","565.00","17,200"
"1767779644-69","https://finance.yahoo.com/quote/AKPI.JK/history/?period1=1718582400&period2=1766016000","Sep 12, 2025","560.00","570.00","555.00","555.00","555.00","19,100"
"1767779644-70","https://finance.yahoo.com/quote/AKPI.JK/history/?period1=1718582400&period2=1766016000","Sep 11, 2025","555.00","560.00","555.00","560.00","560.00","3,300"
"1767779644-71","https://finance.yahoo.com/quote/AKPI.JK/history/?period1=1718582400&period2=1766016000","Sep 10, 2025","570.00","570.00","555.00","555.00","555.00","35,000"
"1767779644-72","https://finance.yahoo.com/quote/AKPI.JK/history/?period1=1718582400&period2=1766016000","Sep 9, 2025","570.00","570.00","560.00","570.00","570.00","12,700"
"1767779644-73","https://finance.yahoo.com/quote/AKPI.JK/history/?period1=1718582400&period2=1766016000","Sep 8, 2025","555.00","575.00","550.00","555.00","555.00","124,800"
"1767779644-74","https://finance.yahoo.com/quote/AKPI.JK/history/?period1=1718582400&period2=1766016000","Sep 4, 2025","560.00","560.00","555.00","555.00","555.00","28,600"
"1767779644-75","https://finance.yahoo.com/quote/AKPI.JK/history/?period1=1718582400&period2=1766016000","Sep 3, 2025","560.00","560.00","555.00","555.00","555.00","9,900"
"1767779644-76","https://finance.yahoo.com/quote/AKPI.JK/history/?period1=1718582400&period2=1766016000","Sep 2, 2025","560.00","570.00","555.00","560.00","560.00","291,100"
"1767779644-77","https://finance.yahoo.com/quote/AKPI.JK/history/?period1=1718582400&period2=1766016000","Sep 1, 2025","565.00","570.00","555.00","555.00","555.00","6,100"
"1767779644-78","https://finance.yahoo.com/quote/AKPI.JK/history/?period1=1718582400&period2=1766016000","Aug 29, 2025","565.00","575.00","565.00","565.00","565.00","52,500"
"1767779644-79","https://finance.yahoo.com/quote/AKPI.JK/history/?period1=1718582400&period2=1766016000","Aug 28, 2025","575.00","580.00","555.00","575.00","575.00","24,800"
"1767779644-80","https://finance.yahoo.com/quote/AKPI.JK/history/?period1=1718582400&period2=1766016000","Aug 27, 2025","570.00","575.00","570.00","570.00","570.00","2,500"
"1767779644-81","https://finance.yahoo.com/quote/AKPI.JK/history/?period1=1718582400&period2=1766016000","Aug 26, 2025","565.00","570.00","560.00","560.00","560.00","35,600"
"1767779644-82","https://finance.yahoo.com/quote/AKPI.JK/history/?period1=1718582400&period2=1766016000","Aug 25, 2025","550.00","570.00","545.00","565.00","565.00","32,100"
"1767779644-83","https://finance.yahoo.com/quote/AKPI.JK/history/?period1=1718582400&period2=1766016000","Aug 22, 2025","570.00","575.00","565.00","570.00","570.00","8,900"
"1767779644-84","https://finance.yahoo.com/quote/AKPI.JK/history/?period1=1718582400&period2=1766016000","Aug 21, 2025","580.00","680.00","540.00","555.00","555.00","380,300"
"1767779644-85","https://finance.yahoo.com/quote/AKPI.JK/history/?period1=1718582400&period2=1766016000","Aug 20, 2025","590.00","590.00","580.00","580.00","580.00","25,600"
"1767779644-86","https://finance.yahoo.com/quote/AKPI.JK/history/?period1=1718582400&period2=1766016000","Aug 19, 2025","590.00","600.00","580.00","585.00","585.00","6,500"
"1767779644-87","https://finance.yahoo.com/quote/AKPI.JK/history/?period1=1718582400&period2=1766016000","Aug 15, 2025","585.00","585.00","580.00","585.00","585.00","9,000"
"1767779644-88","https://finance.yahoo.com/quote/AKPI.JK/history/?period1=1718582400&period2=1766016000","Aug 14, 2025","585.00","585.00","585.00","585.00","585.00","4,200"
"1767779644-89","https://finance.yahoo.com/quote/AKPI.JK/history/?period1=1718582400&period2=1766016000","Aug 13, 2025","580.00","595.00","580.00","585.00","585.00","1,700"
"1767779644-90","https://finance.yahoo.com/quote/AKPI.JK/history/?period1=1718582400&period2=1766016000","Aug 12, 2025","585.00","590.00","575.00","580.00","580.00","12,900"
"1767779644-91","https://finance.yahoo.com/quote/AKPI.JK/history/?period1=1718582400&period2=1766016000","Aug 11, 2025","580.00","585.00","575.00","585.00","585.00","4,800"
"1767779644-92","https://finance.yahoo.com/quote/AKPI.JK/history/?period1=1718582400&period2=1766016000","Aug 8, 2025","580.00","595.00","580.00","585.00","585.00","6,300"
"1767779644-93","https://finance.yahoo.com/quote/AKPI.JK/history/?period1=1718582400&period2=1766016000","Aug 7, 2025","595.00","595.00","585.00","585.00","585.00","1,800"
"1767779644-94","https://finance.yahoo.com/quote/AKPI.JK/history/?period1=1718582400&period2=1766016000","Aug 6, 2025","585.00","595.00","585.00","595.00","595.00","600"
"1767779644-95","https://finance.yahoo.com/quote/AKPI.JK/history/?period1=1718582400&period2=1766016000","Aug 5, 2025","585.00","590.00","585.00","585.00","585.00","6,000"
"1767779644-96","https://finance.yahoo.com/quote/AKPI.JK/history/?period1=1718582400&period2=1766016000","Aug 4, 2025","585.00","590.00","580.00","585.00","585.00","3,600"
"1767779644-97","https://finance.yahoo.com/quote/AKPI.JK/history/?period1=1718582400&period2=1766016000","Aug 1, 2025","585.00","590.00","585.00","590.00","590.00","600"
"1767779644-98","https://finance.yahoo.com/quote/AKPI.JK/history/?period1=1718582400&period2=1766016000","Jul 31, 2025","615.00","615.00","580.00","585.00","585.00","16,400"
"1767779644-99","https://finance.yahoo.com/quote/AKPI.JK/history/?period1=1718582400&period2=1766016000","Jul 30, 2025","585.00","585.00","580.00","585.00","585.00","85,800"
"1767779644-100","https://finance.yahoo.com/quote/AKPI.JK/history/?period1=1718582400&period2=1766016000","Jul 29, 2025","615.00","615.00","585.00","585.00","585.00","9,500"
"1767779644-101","https://finance.yahoo.com/quote/AKPI.JK/history/?period1=1718582400&period2=1766016000","Jul 28, 2025","600.00","600.00","590.00","595.00","595.00","5,800"
"1767779644-102","https://finance.yahoo.com/quote/AKPI.JK/history/?period1=1718582400&period2=1766016000","Jul 25, 2025","595.00","595.00","595.00","595.00","595.00","100"
"1767779644-103","https://finance.yahoo.com/quote/AKPI.JK/history/?period1=1718582400&period2=1766016000","Jul 24, 2025","595.00","600.00","590.00","590.00","590.00","3,400"
"1767779644-104","https://finance.yahoo.com/quote/AKPI.JK/history/?period1=1718582400&period2=1766016000","Jul 23, 2025","595.00","595.00","595.00","595.00","595.00","2,600"
"1767779644-105","https://finance.yahoo.com/quote/AKPI.JK/history/?period1=1718582400&period2=1766016000","Jul 22, 2025","590.00","600.00","580.00","590.00","590.00","7,400"
"1767779644-106","https://finance.yahoo.com/quote/AKPI.JK/history/?period1=1718582400&period2=1766016000","Jul 21, 2025","595.00","600.00","590.00","595.00","595.00","6,600"
"1767779644-107","https://finance.yahoo.com/quote/AKPI.JK/history/?period1=1718582400&period2=1766016000","Jul 18, 2025","595.00","600.00","595.00","595.00","595.00","15,800"
"1767779644-108","https://finance.yahoo.com/quote/AKPI.JK/history/?period1=1718582400&period2=1766016000","Jul 17, 2025","595.00","605.00","595.00","595.00","595.00","23,300"
"1767779644-109","https://finance.yahoo.com/quote/AKPI.JK/history/?period1=1718582400&period2=1766016000","Jul 16, 2025","595.00","595.00","585.00","595.00","595.00","41,100"
"1767779644-110","https://finance.yahoo.com/quote/AKPI.JK/history/?period1=1718582400&period2=1766016000","Jul 15, 2025","600.00","600.00","590.00","595.00","595.00","52,200"
"1767779644-111","https://finance.yahoo.com/quote/AKPI.JK/history/?period1=1718582400&period2=1766016000","Jul 14, 2025","600.00","650.00","580.00","585.00","585.00","471,800"
"1767779644-112","https://finance.yahoo.com/quote/AKPI.JK/history/?period1=1718582400&period2=1766016000","Jul 11, 2025","670.00","730.00","650.00","680.00","680.00","83,900"
"1767779644-113","https://finance.yahoo.com/quote/AKPI.JK/history/?period1=1718582400&period2=1766016000","Jul 10, 2025","595.00","740.00","590.00","680.00","680.00","335,000"
"1767779644-114","https://finance.yahoo.com/quote/AKPI.JK/history/?period1=1718582400&period2=1766016000","Jul 9, 2025","595.00","625.00","590.00","595.00","595.00","24,700"
"1767779644-115","https://finance.yahoo.com/quote/AKPI.JK/history/?period1=1718582400&period2=1766016000","Jul 8, 2025","585.00","595.00","585.00","595.00","595.00","2,600"
"1767779644-116","https://finance.yahoo.com/quote/AKPI.JK/history/?period1=1718582400&period2=1766016000","Jul 7, 2025","605.00","605.00","585.00","585.00","585.00","3,600"
"1767779644-117","https://finance.yahoo.com/quote/AKPI.JK/history/?period1=1718582400&period2=1766016000","Jul 4, 2025","590.00","610.00","590.00","605.00","605.00","20,300"
"1767779644-118","https://finance.yahoo.com/quote/AKPI.JK/history/?period1=1718582400&period2=1766016000","Jul 3, 2025","590.00","595.00","590.00","590.00","590.00","6,800"
"1767779644-119","https://finance.yahoo.com/quote/AKPI.JK/history/?period1=1718582400&period2=1766016000","Jul 2, 2025","585.00","605.00","580.00","590.00","590.00","20,800"
"1767779644-120","https://finance.yahoo.com/quote/AKPI.JK/history/?period1=1718582400&period2=1766016000","Jul 1, 2025","600.00","600.00","590.00","590.00","590.00","3,400"
"1767779644-121","https://finance.yahoo.com/quote/AKPI.JK/history/?period1=1718582400&period2=1766016000","Jun 30, 2025","590.00","600.00","570.00","600.00","600.00","26,800"
"1767779644-122","https://finance.yahoo.com/quote/AKPI.JK/history/?period1=1718582400&period2=1766016000","Jun 26, 2025","585.00","595.00","580.00","595.00","595.00","1,200"
"1767779644-123","https://finance.yahoo.com/quote/AKPI.JK/history/?period1=1718582400&period2=1766016000","Jun 25, 2025","595.00","600.00","575.00","600.00","600.00","1,600"
"1767779644-124","https://finance.yahoo.com/quote/AKPI.JK/history/?period1=1718582400&period2=1766016000","Jun 24, 2025","580.00","580.00","580.00","580.00","580.00","-"
"1767779644-125","https://finance.yahoo.com/quote/AKPI.JK/history/?period1=1718582400&period2=1766016000","Jun 23, 2025","580.00","600.00","570.00","580.00","580.00","38,100"
"1767779644-126","https://finance.yahoo.com/quote/AKPI.JK/history/?period1=1718582400&period2=1766016000","Jun 20, 2025","8.2 Dividend","","","","",""
"1767779644-127","https://finance.yahoo.com/quote/AKPI.JK/history/?period1=1718582400&period2=1766016000","Jun 20, 2025","595.00","595.00","580.00","590.00","590.00","4,100"
"1767779644-128","https://finance.yahoo.com/quote/AKPI.JK/history/?period1=1718582400&period2=1766016000","Jun 19, 2025","610.00","610.00","585.00","595.00","586.80","48,000"
"1767779644-129","https://finance.yahoo.com/quote/AKPI.JK/history/?period1=1718582400&period2=1766016000","Jun 18, 2025","600.00","610.00","600.00","610.00","601.59","6,700"
"1767779644-130","https://finance.yahoo.com/quote/AKPI.JK/history/?period1=1718582400&period2=1766016000","Jun 17, 2025","615.00","645.00","600.00","600.00","591.73","19,700"
"1767779644-131","https://finance.yahoo.com/quote/AKPI.JK/history/?period1=1718582400&period2=1766016000","Jun 16, 2025","600.00","620.00","600.00","605.00","596.66","3,600"
"1767779644-132","https://finance.yahoo.com/quote/AKPI.JK/history/?period1=1718582400&period2=1766016000","Jun 13, 2025","605.00","610.00","595.00","600.00","591.73","5,000"
"1767779644-133","https://finance.yahoo.com/quote/AKPI.JK/history/?period1=1718582400&period2=1766016000","Jun 12, 2025","600.00","635.00","595.00","610.00","601.59","27,400"
"1767779644-134","https://finance.yahoo.com/quote/AKPI.JK/history/?period1=1718582400&period2=1766016000","Jun 11, 2025","595.00","625.00","585.00","600.00","591.73","25,600"
"1767779644-135","https://finance.yahoo.com/quote/AKPI.JK/history/?period1=1718582400&period2=1766016000","Jun 10, 2025","600.00","600.00","595.00","595.00","586.80","9,100"
"1767779644-136","https://finance.yahoo.com/quote/AKPI.JK/history/?period1=1718582400&period2=1766016000","Jun 5, 2025","595.00","605.00","585.00","605.00","596.66","8,100"
"1767779644-137","https://finance.yahoo.com/quote/AKPI.JK/history/?period1=1718582400&period2=1766016000","Jun 4, 2025","600.00","635.00","595.00","605.00","596.66","32,200"
"1767779644-138","https://finance.yahoo.com/quote/AKPI.JK/history/?period1=1718582400&period2=1766016000","Jun 3, 2025","600.00","600.00","590.00","590.00","581.87","5,300"
"1767779644-139","https://finance.yahoo.com/quote/AKPI.JK/history/?period1=1718582400&period2=1766016000","Jun 2, 2025","600.00","640.00","595.00","600.00","591.73","15,700"
"1767779644-140","https://finance.yahoo.com/quote/AKPI.JK/history/?period1=1718582400&period2=1766016000","May 28, 2025","605.00","610.00","600.00","605.00","596.66","5,100"
"1767779644-141","https://finance.yahoo.com/quote/AKPI.JK/history/?period1=1718582400&period2=1766016000","May 27, 2025","600.00","645.00","595.00","605.00","596.66","32,100"
"1767779644-142","https://finance.yahoo.com/quote/AKPI.JK/history/?period1=1718582400&period2=1766016000","May 26, 2025","600.00","600.00","600.00","600.00","591.73","8,200"
"1767779644-143","https://finance.yahoo.com/quote/AKPI.JK/history/?period1=1718582400&period2=1766016000","May 23, 2025","610.00","610.00","600.00","605.00","596.66","3,100"
"1767779644-144","https://finance.yahoo.com/quote/AKPI.JK/history/?period1=1718582400&period2=1766016000","May 22, 2025","605.00","610.00","605.00","610.00","601.59","600"
"1767779644-145","https://finance.yahoo.com/quote/AKPI.JK/history/?period1=1718582400&period2=1766016000","May 21, 2025","610.00","610.00","600.00","600.00","591.73","5,800"
"1767779644-146","https://finance.yahoo.com/quote/AKPI.JK/history/?period1=1718582400&period2=1766016000","May 20, 2025","620.00","620.00","590.00","600.00","591.73","6,200"
"1767779644-147","https://finance.yahoo.com/quote/AKPI.JK/history/?period1=1718582400&period2=1766016000","May 19, 2025","600.00","640.00","590.00","625.00","616.39","22,300"
"1767779644-148","https://finance.yahoo.com/quote/AKPI.JK/history/?period1=1718582400&period2=1766016000","May 16, 2025","605.00","605.00","595.00","605.00","596.66","3,400"
"1767779644-149","https://finance.yahoo.com/quote/AKPI.JK/history/?period1=1718582400&period2=1766016000","May 15, 2025","595.00","645.00","595.00","610.00","601.59","32,200"
"1767779644-150","https://finance.yahoo.com/quote/AKPI.JK/history/?period1=1718582400&period2=1766016000","May 14, 2025","595.00","605.00","595.00","605.00","596.66","3,400"
"1767779644-151","https://finance.yahoo.com/quote/AKPI.JK/history/?period1=1718582400&period2=1766016000","May 9, 2025","590.00","605.00","590.00","600.00","591.73","2,700"
"1767779644-152","https://finance.yahoo.com/quote/AKPI.JK/history/?period1=1718582400&period2=1766016000","May 8, 2025","575.00","605.00","575.00","590.00","581.87","31,600"
"1767779644-153","https://finance.yahoo.com/quote/AKPI.JK/history/?period1=1718582400&period2=1766016000","May 7, 2025","585.00","600.00","565.00","590.00","581.87","77,300"
"1767779644-154","https://finance.yahoo.com/quote/AKPI.JK/history/?period1=1718582400&period2=1766016000","May 6, 2025","585.00","595.00","560.00","585.00","576.94","51,800"
"1767779644-155","https://finance.yahoo.com/quote/AKPI.JK/history/?period1=1718582400&period2=1766016000","May 5, 2025","605.00","605.00","575.00","580.00","572.01","72,800"
"1767779644-156","https://finance.yahoo.com/quote/AKPI.JK/history/?period1=1718582400&period2=1766016000","May 2, 2025","600.00","605.00","590.00","595.00","586.80","34,100"
"1767779644-157","https://finance.yahoo.com/quote/AKPI.JK/history/?period1=1718582400&period2=1766016000","Apr 30, 2025","600.00","610.00","595.00","605.00","596.66","39,400"
"1767779644-158","https://finance.yahoo.com/quote/AKPI.JK/history/?period1=1718582400&period2=1766016000","Apr 29, 2025","600.00","625.00","580.00","610.00","601.59","26,700"
"1767779644-159","https://finance.yahoo.com/quote/AKPI.JK/history/?period1=1718582400&period2=1766016000","Apr 28, 2025","610.00","610.00","600.00","600.00","591.73","22,300"
"1767779644-160","https://finance.yahoo.com/quote/AKPI.JK/history/?period1=1718582400&period2=1766016000","Apr 25, 2025","605.00","605.00","600.00","605.00","596.66","4,200"
"1767779644-161","https://finance.yahoo.com/quote/AKPI.JK/history/?period1=1718582400&period2=1766016000","Apr 24, 2025","610.00","610.00","605.00","610.00","601.59","1,600"
"1767779644-162","https://finance.yahoo.com/quote/AKPI.JK/history/?period1=1718582400&period2=1766016000","Apr 23, 2025","605.00","615.00","595.00","615.00","606.52","34,600"
"1767779644-163","https://finance.yahoo.com/quote/AKPI.JK/history/?period1=1718582400&period2=1766016000","Apr 22, 2025","615.00","620.00","595.00","610.00","601.59","2,700"
"1767779644-164","https://finance.yahoo.com/quote/AKPI.JK/history/?period1=1718582400&period2=1766016000","Apr 21, 2025","620.00","620.00","585.00","620.00","611.46","20,300"
"1767779644-165","https://finance.yahoo.com/quote/AKPI.JK/history/?period1=1718582400&period2=1766016000","Apr 17, 2025","620.00","620.00","610.00","615.00","606.52","62,700"
"1767779644-166","https://finance.yahoo.com/quote/AKPI.JK/history/?period1=1718582400&period2=1766016000","Apr 16, 2025","595.00","620.00","585.00","620.00","611.46","579,200"
"1767779644-167","https://finance.yahoo.com/quote/AKPI.JK/history/?period1=1718582400&period2=1766016000","Apr 15, 2025","605.00","630.00","595.00","595.00","586.80","1,200"
"1767779644-168","https://finance.yahoo.com/quote/AKPI.JK/history/?period1=1718582400&period2=1766016000","Apr 14, 2025","580.00","610.00","580.00","605.00","596.66","2,000"
"1767779644-169","https://finance.yahoo.com/quote/AKPI.JK/history/?period1=1718582400&period2=1766016000","Apr 11, 2025","610.00","610.00","565.00","565.00","557.21","1,700"
"1767779644-170","https://finance.yahoo.com/quote/AKPI.JK/history/?period1=1718582400&period2=1766016000","Apr 10, 2025","620.00","620.00","605.00","620.00","611.46","15,000"
"1767779644-171","https://finance.yahoo.com/quote/AKPI.JK/history/?period1=1718582400&period2=1766016000","Apr 9, 2025","580.00","620.00","555.00","620.00","611.46","49,500"
"1767779644-172","https://finance.yahoo.com/quote/AKPI.JK/history/?period1=1718582400&period2=1766016000","Apr 8, 2025","595.00","595.00","555.00","570.00","562.14","22,300"
"1767779644-173","https://finance.yahoo.com/quote/AKPI.JK/history/?period1=1718582400&period2=1766016000","Mar 27, 2025","600.00","600.00","580.00","595.00","586.80","4,200"
"1767779644-174","https://finance.yahoo.com/quote/AKPI.JK/history/?period1=1718582400&period2=1766016000","Mar 26, 2025","570.00","615.00","570.00","600.00","591.73","23,900"
"1767779644-175","https://finance.yahoo.com/quote/AKPI.JK/history/?period1=1718582400&period2=1766016000","Mar 25, 2025","600.00","610.00","520.00","520.00","512.83","35,500"
"1767779644-176","https://finance.yahoo.com/quote/AKPI.JK/history/?period1=1718582400&period2=1766016000","Mar 24, 2025","585.00","600.00","570.00","600.00","591.73","32,600"
"1767779644-177","https://finance.yahoo.com/quote/AKPI.JK/history/?period1=1718582400&period2=1766016000","Mar 21, 2025","595.00","610.00","575.00","605.00","596.66","26,200"
"1767779644-178","https://finance.yahoo.com/quote/AKPI.JK/history/?period1=1718582400&period2=1766016000","Mar 20, 2025","585.00","610.00","585.00","595.00","586.80","6,200"
"1767779644-179","https://finance.yahoo.com/quote/AKPI.JK/history/?period1=1718582400&period2=1766016000","Mar 19, 2025","590.00","610.00","555.00","595.00","586.80","18,100"
"1767779644-180","https://finance.yahoo.com/quote/AKPI.JK/history/?period1=1718582400&period2=1766016000","Mar 18, 2025","585.00","610.00","545.00","590.00","581.87","20,300"
"1767779644-181","https://finance.yahoo.com/quote/AKPI.JK/history/?period1=1718582400&period2=1766016000","Mar 17, 2025","585.00","610.00","476.00","590.00","581.87","28,700"
"1767779644-182","https://finance.yahoo.com/quote/AKPI.JK/history/?period1=1718582400&period2=1766016000","Mar 14, 2025","585.00","600.00","585.00","595.00","586.80","13,800"
"1767779644-183","https://finance.yahoo.com/quote/AKPI.JK/history/?period1=1718582400&period2=1766016000","Mar 13, 2025","595.00","625.00","570.00","585.00","576.94","25,100"
"1767779644-184","https://finance.yahoo.com/quote/AKPI.JK/history/?period1=1718582400&period2=1766016000","Mar 12, 2025","600.00","600.00","590.00","590.00","581.87","700"
"1767779644-185","https://finance.yahoo.com/quote/AKPI.JK/history/?period1=1718582400&period2=1766016000","Mar 11, 2025","600.00","610.00","580.00","600.00","591.73","1,500"
"1767779644-186","https://finance.yahoo.com/quote/AKPI.JK/history/?period1=1718582400&period2=1766016000","Mar 10, 2025","620.00","625.00","580.00","605.00","596.66","21,100"
"1767779644-187","https://finance.yahoo.com/quote/AKPI.JK/history/?period1=1718582400&period2=1766016000","Mar 7, 2025","595.00","630.00","590.00","620.00","611.46","19,500"
"1767779644-188","https://finance.yahoo.com/quote/AKPI.JK/history/?period1=1718582400&period2=1766016000","Mar 6, 2025","595.00","625.00","580.00","600.00","591.73","18,400"
"1767779644-189","https://finance.yahoo.com/quote/AKPI.JK/history/?period1=1718582400&period2=1766016000","Mar 5, 2025","585.00","630.00","570.00","590.00","581.87","23,000"
"1767779644-190","https://finance.yahoo.com/quote/AKPI.JK/history/?period1=1718582400&period2=1766016000","Mar 4, 2025","585.00","625.00","585.00","590.00","581.87","26,900"
"1767779644-191","https://finance.yahoo.com/quote/AKPI.JK/history/?period1=1718582400&period2=1766016000","Mar 3, 2025","570.00","610.00","565.00","590.00","581.87","22,600"
"1767779644-192","https://finance.yahoo.com/quote/AKPI.JK/history/?period1=1718582400&period2=1766016000","Feb 28, 2025","595.00","610.00","560.00","590.00","581.87","24,700"
"1767779644-193","https://finance.yahoo.com/quote/AKPI.JK/history/?period1=1718582400&period2=1766016000","Feb 27, 2025","590.00","590.00","585.00","585.00","576.94","13,200"
"1767779644-194","https://finance.yahoo.com/quote/AKPI.JK/history/?period1=1718582400&period2=1766016000","Feb 26, 2025","600.00","615.00","585.00","600.00","591.73","22,600"
"1767779644-195","https://finance.yahoo.com/quote/AKPI.JK/history/?period1=1718582400&period2=1766016000","Feb 25, 2025","605.00","630.00","590.00","605.00","596.66","41,800"
"1767779644-196","https://finance.yahoo.com/quote/AKPI.JK/history/?period1=1718582400&period2=1766016000","Feb 24, 2025","600.00","620.00","595.00","615.00","606.52","20,600"
"1767779644-197","https://finance.yahoo.com/quote/AKPI.JK/history/?period1=1718582400&period2=1766016000","Feb 21, 2025","615.00","615.00","605.00","605.00","596.66","4,300"
"1767779644-198","https://finance.yahoo.com/quote/AKPI.JK/history/?period1=1718582400&period2=1766016000","Feb 20, 2025","610.00","620.00","605.00","620.00","611.46","3,000"
"1767779644-199","https://finance.yahoo.com/quote/AKPI.JK/history/?period1=1718582400&period2=1766016000","Feb 19, 2025","620.00","630.00","610.00","610.00","601.59","4,300"
"1767779644-200","https://finance.yahoo.com/quote/AKPI.JK/history/?period1=1718582400&period2=1766016000","Feb 18, 2025","605.00","635.00","605.00","605.00","596.66","16,400"
"1767779644-201","https://finance.yahoo.com/quote/AKPI.JK/history/?period1=1718582400&period2=1766016000","Feb 17, 2025","595.00","615.00","590.00","610.00","601.59","6,900"
"1767779644-202","https://finance.yahoo.com/quote/AKPI.JK/history/?period1=1718582400&period2=1766016000","Feb 14, 2025","600.00","615.00","600.00","600.00","591.73","5,400"
"1767779644-203","https://finance.yahoo.com/quote/AKPI.JK/history/?period1=1718582400&period2=1766016000","Feb 13, 2025","600.00","620.00","595.00","605.00","596.66","4,500"
"1767779644-204","https://finance.yahoo.com/quote/AKPI.JK/history/?period1=1718582400&period2=1766016000","Feb 12, 2025","600.00","615.00","585.00","595.00","586.80","17,700"
"1767779644-205","https://finance.yahoo.com/quote/AKPI.JK/history/?period1=1718582400&period2=1766016000","Feb 11, 2025","590.00","610.00","580.00","605.00","596.66","20,300"
"1767779644-206","https://finance.yahoo.com/quote/AKPI.JK/history/?period1=1718582400&period2=1766016000","Feb 10, 2025","580.00","630.00","580.00","595.00","586.80","46,600"
"1767779644-207","https://finance.yahoo.com/quote/AKPI.JK/history/?period1=1718582400&period2=1766016000","Feb 7, 2025","595.00","670.00","580.00","605.00","596.66","51,000"
"1767779644-208","https://finance.yahoo.com/quote/AKPI.JK/history/?period1=1718582400&period2=1766016000","Feb 6, 2025","595.00","610.00","595.00","600.00","591.73","1,600"
"1767779644-209","https://finance.yahoo.com/quote/AKPI.JK/history/?period1=1718582400&period2=1766016000","Feb 5, 2025","605.00","640.00","585.00","590.00","581.87","25,600"
"1767779644-210","https://finance.yahoo.com/quote/AKPI.JK/history/?period1=1718582400&period2=1766016000","Feb 4, 2025","590.00","640.00","590.00","615.00","606.52","22,300"
"1767779644-211","https://finance.yahoo.com/quote/AKPI.JK/history/?period1=1718582400&period2=1766016000","Feb 3, 2025","600.00","615.00","570.00","590.00","581.87","42,100"
"1767779644-212","https://finance.yahoo.com/quote/AKPI.JK/history/?period1=1718582400&period2=1766016000","Jan 31, 2025","590.00","630.00","590.00","605.00","596.66","59,900"
"1767779644-213","https://finance.yahoo.com/quote/AKPI.JK/history/?period1=1718582400&period2=1766016000","Jan 30, 2025","595.00","630.00","580.00","585.00","576.94","19,500"
"1767779644-214","https://finance.yahoo.com/quote/AKPI.JK/history/?period1=1718582400&period2=1766016000","Jan 24, 2025","600.00","600.00","595.00","595.00","586.80","14,700"
"1767779644-215","https://finance.yahoo.com/quote/AKPI.JK/history/?period1=1718582400&period2=1766016000","Jan 23, 2025","595.00","605.00","595.00","600.00","591.73","2,200"
"1767779644-216","https://finance.yahoo.com/quote/AKPI.JK/history/?period1=1718582400&period2=1766016000","Jan 22, 2025","615.00","620.00","595.00","595.00","586.80","13,900"
"1767779644-217","https://finance.yahoo.com/quote/AKPI.JK/history/?period1=1718582400&period2=1766016000","Jan 21, 2025","600.00","615.00","595.00","610.00","601.59","13,600"
"1767779644-218","https://finance.yahoo.com/quote/AKPI.JK/history/?period1=1718582400&period2=1766016000","Jan 20, 2025","590.00","615.00","590.00","600.00","591.73","11,100"
"1767779644-219","https://finance.yahoo.com/quote/AKPI.JK/history/?period1=1718582400&period2=1766016000","Jan 17, 2025","585.00","615.00","580.00","600.00","591.73","16,700"
"1767779644-220","https://finance.yahoo.com/quote/AKPI.JK/history/?period1=1718582400&period2=1766016000","Jan 16, 2025","595.00","615.00","580.00","595.00","586.80","20,900"
"1767779644-221","https://finance.yahoo.com/quote/AKPI.JK/history/?period1=1718582400&period2=1766016000","Jan 15, 2025","590.00","615.00","575.00","595.00","586.80","17,700"
"1767779644-222","https://finance.yahoo.com/quote/AKPI.JK/history/?period1=1718582400&period2=1766016000","Jan 14, 2025","615.00","615.00","595.00","595.00","586.80","500"
"1767779644-223","https://finance.yahoo.com/quote/AKPI.JK/history/?period1=1718582400&period2=1766016000","Jan 13, 2025","600.00","620.00","570.00","595.00","586.80","30,800"
"1767779644-224","https://finance.yahoo.com/quote/AKPI.JK/history/?period1=1718582400&period2=1766016000","Jan 10, 2025","610.00","620.00","575.00","620.00","611.46","27,200"
"1767779644-225","https://finance.yahoo.com/quote/AKPI.JK/history/?period1=1718582400&period2=1766016000","Jan 9, 2025","575.00","615.00","575.00","605.00","596.66","15,400"
"1767779644-226","https://finance.yahoo.com/quote/AKPI.JK/history/?period1=1718582400&period2=1766016000","Jan 8, 2025","600.00","615.00","570.00","590.00","581.87","18,600"
"1767779644-227","https://finance.yahoo.com/quote/AKPI.JK/history/?period1=1718582400&period2=1766016000","Jan 7, 2025","605.00","610.00","565.00","600.00","591.73","22,200"
"1767779644-228","https://finance.yahoo.com/quote/AKPI.JK/history/?period1=1718582400&period2=1766016000","Jan 6, 2025","615.00","615.00","600.00","600.00","591.73","3,600"
"1767779644-229","https://finance.yahoo.com/quote/AKPI.JK/history/?period1=1718582400&period2=1766016000","Jan 3, 2025","615.00","615.00","615.00","615.00","606.52","100"
"1767779644-230","https://finance.yahoo.com/quote/AKPI.JK/history/?period1=1718582400&period2=1766016000","Jan 2, 2025","615.00","615.00","580.00","610.00","601.59","15,800"
"1767779644-231","https://finance.yahoo.com/quote/AKPI.JK/history/?period1=1718582400&period2=1766016000","Dec 30, 2024","605.00","615.00","570.00","615.00","606.52","43,700"
"1767779644-232","https://finance.yahoo.com/quote/AKPI.JK/history/?period1=1718582400&period2=1766016000","Dec 27, 2024","600.00","600.00","600.00","600.00","591.73","700"
"1767779644-233","https://finance.yahoo.com/quote/AKPI.JK/history/?period1=1718582400&period2=1766016000","Dec 24, 2024","630.00","630.00","600.00","620.00","611.46","2,800"
"1767779644-234","https://finance.yahoo.com/quote/AKPI.JK/history/?period1=1718582400&period2=1766016000","Dec 23, 2024","585.00","630.00","580.00","630.00","621.32","49,400"
"1767779644-235","https://finance.yahoo.com/quote/AKPI.JK/history/?period1=1718582400&period2=1766016000","Dec 20, 2024","575.00","605.00","560.00","600.00","591.73","49,900"
"1767779644-236","https://finance.yahoo.com/quote/AKPI.JK/history/?period1=1718582400&period2=1766016000","Dec 19, 2024","560.00","585.00","550.00","575.00","567.08","51,500"
"1767779644-237","https://finance.yahoo.com/quote/AKPI.JK/history/?period1=1718582400&period2=1766016000","Dec 18, 2024","585.00","600.00","555.00","590.00","581.87","16,900"
"1767779644-238","https://finance.yahoo.com/quote/AKPI.JK/history/?period1=1718582400&period2=1766016000","Dec 17, 2024","595.00","600.00","590.00","600.00","591.73","4,200"
"1767779644-239","https://finance.yahoo.com/quote/AKPI.JK/history/?period1=1718582400&period2=1766016000","Dec 16, 2024","605.00","605.00","595.00","600.00","591.73","4,200"
"1767779644-240","https://finance.yahoo.com/quote/AKPI.JK/history/?period1=1718582400&period2=1766016000","Dec 13, 2024","610.00","630.00","600.00","605.00","596.66","15,900"
"1767779644-241","https://finance.yahoo.com/quote/AKPI.JK/history/?period1=1718582400&period2=1766016000","Dec 12, 2024","610.00","610.00","595.00","600.00","591.73","14,600"
"1767779644-242","https://finance.yahoo.com/quote/AKPI.JK/history/?period1=1718582400&period2=1766016000","Dec 11, 2024","595.00","625.00","595.00","600.00","591.73","34,800"
"1767779644-243","https://finance.yahoo.com/quote/AKPI.JK/history/?period1=1718582400&period2=1766016000","Dec 10, 2024","600.00","600.00","595.00","595.00","586.80","13,000"
"1767779644-244","https://finance.yahoo.com/quote/AKPI.JK/history/?period1=1718582400&period2=1766016000","Dec 9, 2024","600.00","625.00","590.00","600.00","591.73","21,900"
"1767779644-245","https://finance.yahoo.com/quote/AKPI.JK/history/?period1=1718582400&period2=1766016000","Dec 6, 2024","595.00","635.00","585.00","615.00","606.52","43,400"
"1767779644-246","https://finance.yahoo.com/quote/AKPI.JK/history/?period1=1718582400&period2=1766016000","Dec 5, 2024","595.00","630.00","595.00","600.00","591.73","18,300"
"1767779644-247","https://finance.yahoo.com/quote/AKPI.JK/history/?period1=1718582400&period2=1766016000","Dec 4, 2024","595.00","625.00","590.00","600.00","591.73","6,100"
"1767779644-248","https://finance.yahoo.com/quote/AKPI.JK/history/?period1=1718582400&period2=1766016000","Dec 3, 2024","580.00","625.00","580.00","610.00","601.59","16,000"
"1767779644-249","https://finance.yahoo.com/quote/AKPI.JK/history/?period1=1718582400&period2=1766016000","Dec 2, 2024","620.00","630.00","590.00","595.00","586.80","32,100"
"1767779644-250","https://finance.yahoo.com/quote/AKPI.JK/history/?period1=1718582400&period2=1766016000","Nov 29, 2024","600.00","635.00","580.00","620.00","611.46","24,600"
"1767779644-251","https://finance.yahoo.com/quote/AKPI.JK/history/?period1=1718582400&period2=1766016000","Nov 28, 2024","605.00","620.00","590.00","600.00","591.73","18,200"
"1767779644-252","https://finance.yahoo.com/quote/AKPI.JK/history/?period1=1718582400&period2=1766016000","Nov 26, 2024","595.00","635.00","595.00","620.00","611.46","17,100"
"1767779644-253","https://finance.yahoo.com/quote/AKPI.JK/history/?period1=1718582400&period2=1766016000","Nov 25, 2024","620.00","640.00","595.00","605.00","596.66","22,800"
"1767779644-254","https://finance.yahoo.com/quote/AKPI.JK/history/?period1=1718582400&period2=1766016000","Nov 22, 2024","645.00","655.00","595.00","610.00","601.59","22,300"
"1767779644-255","https://finance.yahoo.com/quote/AKPI.JK/history/?period1=1718582400&period2=1766016000","Nov 21, 2024","585.00","650.00","575.00","610.00","601.59","18,600"
"1767779644-256","https://finance.yahoo.com/quote/AKPI.JK/history/?period1=1718582400&period2=1766016000","Nov 20, 2024","610.00","610.00","570.00","605.00","596.66","16,600"
"1767779644-257","https://finance.yahoo.com/quote/AKPI.JK/history/?period1=1718582400&period2=1766016000","Nov 19, 2024","580.00","625.00","565.00","610.00","601.59","16,200"
"1767779644-258","https://finance.yahoo.com/quote/AKPI.JK/history/?period1=1718582400&period2=1766016000","Nov 18, 2024","605.00","610.00","550.00","595.00","586.80","49,600"
"1767779644-259","https://finance.yahoo.com/quote/AKPI.JK/history/?period1=1718582400&period2=1766016000","Nov 15, 2024","635.00","635.00","600.00","630.00","621.32","3,000"
"1767779644-260","https://finance.yahoo.com/quote/AKPI.JK/history/?period1=1718582400&period2=1766016000","Nov 14, 2024","625.00","630.00","625.00","625.00","616.39","700"
"1767779644-261","https://finance.yahoo.com/quote/AKPI.JK/history/?period1=1718582400&period2=1766016000","Nov 13, 2024","635.00","635.00","625.00","625.00","616.39","5,300"
"1767779644-262","https://finance.yahoo.com/quote/AKPI.JK/history/?period1=1718582400&period2=1766016000","Nov 12, 2024","645.00","645.00","635.00","635.00","626.25","1,400"
"1767779644-263","https://finance.yahoo.com/quote/AKPI.JK/history/?period1=1718582400&period2=1766016000","Nov 11, 2024","635.00","650.00","610.00","650.00","641.04","19,700"
"1767779644-264","https://finance.yahoo.com/quote/AKPI.JK/history/?period1=1718582400&period2=1766016000","Nov 8, 2024","650.00","650.00","640.00","640.00","631.18","6,600"
"1767779644-265","https://finance.yahoo.com/quote/AKPI.JK/history/?period1=1718582400&period2=1766016000","Nov 7, 2024","645.00","650.00","600.00","645.00","636.11","42,700"
"1767779644-266","https://finance.yahoo.com/quote/AKPI.JK/history/?period1=1718582400&period2=1766016000","Nov 6, 2024","650.00","660.00","635.00","660.00","650.90","25,200"
"1767779644-267","https://finance.yahoo.com/quote/AKPI.JK/history/?period1=1718582400&period2=1766016000","Nov 5, 2024","660.00","665.00","650.00","665.00","655.84","23,700"
"1767779644-268","https://finance.yahoo.com/quote/AKPI.JK/history/?period1=1718582400&period2=1766016000","Nov 4, 2024","660.00","660.00","640.00","660.00","650.90","22,100"
"1767779644-269","https://finance.yahoo.com/quote/AKPI.JK/history/?period1=1718582400&period2=1766016000","Nov 1, 2024","670.00","670.00","650.00","660.00","650.90","20,200"
"1767779644-270","https://finance.yahoo.com/quote/AKPI.JK/history/?period1=1718582400&period2=1766016000","Oct 31, 2024","660.00","670.00","650.00","670.00","660.77","30,600"
"1767779644-271","https://finance.yahoo.com/quote/AKPI.JK/history/?period1=1718582400&period2=1766016000","Oct 30, 2024","655.00","660.00","650.00","660.00","650.90","49,300"
"1767779644-272","https://finance.yahoo.com/quote/AKPI.JK/history/?period1=1718582400&period2=1766016000","Oct 29, 2024","670.00","670.00","655.00","655.00","645.97","20,500"
"1767779644-273","https://finance.yahoo.com/quote/AKPI.JK/history/?period1=1718582400&period2=1766016000","Oct 28, 2024","670.00","670.00","650.00","660.00","650.90","110,500"
"1767779644-274","https://finance.yahoo.com/quote/AKPI.JK/history/?period1=1718582400&period2=1766016000","Oct 25, 2024","695.00","695.00","670.00","670.00","660.77","40,800"
"1767779644-275","https://finance.yahoo.com/quote/AKPI.JK/history/?period1=1718582400&period2=1766016000","Oct 24, 2024","700.00","715.00","655.00","690.00","680.49","41,900"
"1767779644-276","https://finance.yahoo.com/quote/AKPI.JK/history/?period1=1718582400&period2=1766016000","Oct 23, 2024","715.00","745.00","700.00","700.00","690.35","285,100"
"1767779644-277","https://finance.yahoo.com/quote/AKPI.JK/history/?period1=1718582400&period2=1766016000","Oct 22, 2024","850.00","875.00","690.00","700.00","690.35","1,097,500"
"1767779644-278","https://finance.yahoo.com/quote/AKPI.JK/history/?period1=1718582400&period2=1766016000","Oct 21, 2024","720.00","850.00","715.00","845.00","833.35","1,539,800"
"1767779644-279","https://finance.yahoo.com/quote/AKPI.JK/history/?period1=1718582400&period2=1766016000","Oct 18, 2024","690.00","770.00","680.00","680.00","670.63","73,200"
"1767779644-280","https://finance.yahoo.com/quote/AKPI.JK/history/?period1=1718582400&period2=1766016000","Oct 17, 2024","675.00","850.00","640.00","700.00","690.35","241,500"
"1767779644-281","https://finance.yahoo.com/quote/AKPI.JK/history/?period1=1718582400&period2=1766016000","Oct 16, 2024","680.00","690.00","665.00","680.00","670.63","25,900"
"1767779644-282","https://finance.yahoo.com/quote/AKPI.JK/history/?period1=1718582400&period2=1766016000","Oct 15, 2024","660.00","705.00","660.00","680.00","670.63","22,800"
"1767779644-283","https://finance.yahoo.com/quote/AKPI.JK/history/?period1=1718582400&period2=1766016000","Oct 14, 2024","665.00","665.00","655.00","655.00","645.97","11,000"
"1767779644-284","https://finance.yahoo.com/quote/AKPI.JK/history/?period1=1718582400&period2=1766016000","Oct 11, 2024","660.00","660.00","660.00","660.00","650.90","1,700"
"1767779644-285","https://finance.yahoo.com/quote/AKPI.JK/history/?period1=1718582400&period2=1766016000","Oct 10, 2024","660.00","700.00","655.00","655.00","645.97","9,500"
"1767779644-286","https://finance.yahoo.com/quote/AKPI.JK/history/?period1=1718582400&period2=1766016000","Oct 9, 2024","690.00","690.00","655.00","660.00","650.90","8,100"
"1767779644-287","https://finance.yahoo.com/quote/AKPI.JK/history/?period1=1718582400&period2=1766016000","Oct 8, 2024","670.00","675.00","625.00","650.00","641.04","26,600"
"1767779644-288","https://finance.yahoo.com/quote/AKPI.JK/history/?period1=1718582400&period2=1766016000","Oct 7, 2024","670.00","715.00","655.00","655.00","645.97","3,000"
"1767779644-289","https://finance.yahoo.com/quote/AKPI.JK/history/?period1=1718582400&period2=1766016000","Oct 4, 2024","675.00","715.00","625.00","655.00","645.97","29,400"
"1767779644-290","https://finance.yahoo.com/quote/AKPI.JK/history/?period1=1718582400&period2=1766016000","Oct 3, 2024","645.00","650.00","645.00","650.00","641.04","1,400"
"1767779644-291","https://finance.yahoo.com/quote/AKPI.JK/history/?period1=1718582400&period2=1766016000","Oct 2, 2024","665.00","665.00","650.00","650.00","641.04","15,600"
"1767779644-292","https://finance.yahoo.com/quote/AKPI.JK/history/?period1=1718582400&period2=1766016000","Oct 1, 2024","665.00","715.00","660.00","670.00","660.77","18,500"
"1767779644-293","https://finance.yahoo.com/quote/AKPI.JK/history/?period1=1718582400&period2=1766016000","Sep 30, 2024","670.00","670.00","660.00","670.00","660.77","3,400"
"1767779644-294","https://finance.yahoo.com/quote/AKPI.JK/history/?period1=1718582400&period2=1766016000","Sep 27, 2024","665.00","665.00","665.00","665.00","655.84","1,000"
"1767779644-295","https://finance.yahoo.com/quote/AKPI.JK/history/?period1=1718582400&period2=1766016000","Sep 26, 2024","665.00","680.00","665.00","665.00","655.84","3,700"
"1767779644-296","https://finance.yahoo.com/quote/AKPI.JK/history/?period1=1718582400&period2=1766016000","Sep 25, 2024","670.00","670.00","665.00","665.00","655.84","2,100"
"1767779644-297","https://finance.yahoo.com/quote/AKPI.JK/history/?period1=1718582400&period2=1766016000","Sep 24, 2024","670.00","715.00","655.00","670.00","660.77","13,300"
"1767779644-298","https://finance.yahoo.com/quote/AKPI.JK/history/?period1=1718582400&period2=1766016000","Sep 23, 2024","655.00","665.00","655.00","665.00","655.84","3,600"
"1767779644-299","https://finance.yahoo.com/quote/AKPI.JK/history/?period1=1718582400&period2=1766016000","Sep 20, 2024","665.00","670.00","655.00","670.00","660.77","20,000"
"1767779644-300","https://finance.yahoo.com/quote/AKPI.JK/history/?period1=1718582400&period2=1766016000","Sep 19, 2024","660.00","675.00","660.00","675.00","665.70","1,400"
"1767779644-301","https://finance.yahoo.com/quote/AKPI.JK/history/?period1=1718582400&period2=1766016000","Sep 18, 2024","675.00","680.00","655.00","675.00","665.70","3,400"
"1767779644-302","https://finance.yahoo.com/quote/AKPI.JK/history/?period1=1718582400&period2=1766016000","Sep 17, 2024","695.00","695.00","685.00","685.00","675.56","5,700"
"1767779644-303","https://finance.yahoo.com/quote/AKPI.JK/history/?period1=1718582400&period2=1766016000","Sep 13, 2024","695.00","695.00","655.00","680.00","670.63","8,700"
"1767779644-304","https://finance.yahoo.com/quote/AKPI.JK/history/?period1=1718582400&period2=1766016000","Sep 12, 2024","675.00","695.00","650.00","695.00","685.42","5,200"
"1767779644-305","https://finance.yahoo.com/quote/AKPI.JK/history/?period1=1718582400&period2=1766016000","Sep 11, 2024","675.00","690.00","665.00","675.00","665.70","7,600"
"1767779644-306","https://finance.yahoo.com/quote/AKPI.JK/history/?period1=1718582400&period2=1766016000","Sep 10, 2024","675.00","675.00","665.00","675.00","665.70","31,300"
"1767779644-307","https://finance.yahoo.com/quote/AKPI.JK/history/?period1=1718582400&period2=1766016000","Sep 9, 2024","670.00","725.00","670.00","675.00","665.70","56,100"
"1767779644-308","https://finance.yahoo.com/quote/AKPI.JK/history/?period1=1718582400&period2=1766016000","Sep 6, 2024","655.00","670.00","640.00","670.00","660.77","47,300"
"1767779644-309","https://finance.yahoo.com/quote/AKPI.JK/history/?period1=1718582400&period2=1766016000","Sep 5, 2024","635.00","680.00","630.00","665.00","655.84","31,600"
"1767779644-310","https://finance.yahoo.com/quote/AKPI.JK/history/?period1=1718582400&period2=1766016000","Sep 4, 2024","655.00","655.00","630.00","635.00","626.25","21,800"
"1767779644-311","https://finance.yahoo.com/quote/AKPI.JK/history/?period1=1718582400&period2=1766016000","Sep 3, 2024","660.00","660.00","635.00","635.00","626.25","3,800"
"1767779644-312","https://finance.yahoo.com/quote/AKPI.JK/history/?period1=1718582400&period2=1766016000","Sep 2, 2024","645.00","645.00","630.00","640.00","631.18","67,100"
"1767779644-313","https://finance.yahoo.com/quote/AKPI.JK/history/?period1=1718582400&period2=1766016000","Aug 30, 2024","655.00","655.00","645.00","650.00","641.04","9,000"
"1767779644-314","https://finance.yahoo.com/quote/AKPI.JK/history/?period1=1718582400&period2=1766016000","Aug 29, 2024","660.00","670.00","645.00","655.00","645.97","60,900"
"1767779644-315","https://finance.yahoo.com/quote/AKPI.JK/history/?period1=1718582400&period2=1766016000","Aug 28, 2024","640.00","690.00","640.00","660.00","650.90","8,500"
"1767779644-316","https://finance.yahoo.com/quote/AKPI.JK/history/?period1=1718582400&period2=1766016000","Aug 27, 2024","635.00","685.00","635.00","640.00","631.18","11,900"
"1767779644-317","https://finance.yahoo.com/quote/AKPI.JK/history/?period1=1718582400&period2=1766016000","Aug 26, 2024","660.00","680.00","635.00","635.00","626.25","11,600"
"1767779644-318","https://finance.yahoo.com/quote/AKPI.JK/history/?period1=1718582400&period2=1766016000","Aug 23, 2024","650.00","670.00","635.00","655.00","645.97","72,400"
"1767779644-319","https://finance.yahoo.com/quote/AKPI.JK/history/?period1=1718582400&period2=1766016000","Aug 22, 2024","640.00","700.00","630.00","635.00","626.25","16,100"
"1767779644-320","https://finance.yahoo.com/quote/AKPI.JK/history/?period1=1718582400&period2=1766016000","Aug 21, 2024","675.00","675.00","640.00","640.00","631.18","8,600"
"1767779644-321","https://finance.yahoo.com/quote/AKPI.JK/history/?period1=1718582400&period2=1766016000","Aug 20, 2024","640.00","665.00","620.00","645.00","636.11","53,900"
"1767779644-322","https://finance.yahoo.com/quote/AKPI.JK/history/?period1=1718582400&period2=1766016000","Aug 19, 2024","640.00","670.00","605.00","620.00","611.46","97,500"
"1767779644-323","https://finance.yahoo.com/quote/AKPI.JK/history/?period1=1718582400&period2=1766016000","Aug 16, 2024","620.00","675.00","615.00","620.00","611.46","18,700"
"1767779644-324","https://finance.yahoo.com/quote/AKPI.JK/history/?period1=1718582400&period2=1766016000","Aug 15, 2024","620.00","620.00","610.00","615.00","606.52","5,500"
"1767779644-325","https://finance.yahoo.com/quote/AKPI.JK/history/?period1=1718582400&period2=1766016000","Aug 14, 2024","620.00","620.00","620.00","620.00","611.46","700"
"1767779644-326","https://finance.yahoo.com/quote/AKPI.JK/history/?period1=1718582400&period2=1766016000","Aug 13, 2024","620.00","665.00","605.00","620.00","611.46","90,700"
"1767779644-327","https://finance.yahoo.com/quote/AKPI.JK/history/?period1=1718582400&period2=1766016000","Aug 12, 2024","620.00","630.00","600.00","610.00","601.59","13,400"
"1767779644-328","https://finance.yahoo.com/quote/AKPI.JK/history/?period1=1718582400&period2=1766016000","Aug 9, 2024","625.00","625.00","610.00","615.00","606.52","2,600"
"1767779644-329","https://finance.yahoo.com/quote/AKPI.JK/history/?period1=1718582400&period2=1766016000","Aug 8, 2024","625.00","625.00","610.00","625.00","616.39","3,600"
"1767779644-330","https://finance.yahoo.com/quote/AKPI.JK/history/?period1=1718582400&period2=1766016000","Aug 7, 2024","635.00","665.00","620.00","625.00","616.39","97,700"
"1767779644-331","https://finance.yahoo.com/quote/AKPI.JK/history/?period1=1718582400&period2=1766016000","Aug 6, 2024","635.00","635.00","635.00","635.00","626.25","1,200"
"1767779644-332","https://finance.yahoo.com/quote/AKPI.JK/history/?period1=1718582400&period2=1766016000","Aug 5, 2024","615.00","665.00","615.00","635.00","626.25","16,700"
"1767779644-333","https://finance.yahoo.com/quote/AKPI.JK/history/?period1=1718582400&period2=1766016000","Aug 2, 2024","645.00","645.00","600.00","615.00","606.52","16,400"
"1767779644-334","https://finance.yahoo.com/quote/AKPI.JK/history/?period1=1718582400&period2=1766016000","Aug 1, 2024","635.00","650.00","615.00","650.00","641.04","11,800"
"1767779644-335","https://finance.yahoo.com/quote/AKPI.JK/history/?period1=1718582400&period2=1766016000","Jul 31, 2024","620.00","655.00","605.00","635.00","626.25","16,800"
"1767779644-336","https://finance.yahoo.com/quote/AKPI.JK/history/?period1=1718582400&period2=1766016000","Jul 30, 2024","625.00","625.00","600.00","615.00","606.52","4,000"
"1767779644-337","https://finance.yahoo.com/quote/AKPI.JK/history/?period1=1718582400&period2=1766016000","Jul 29, 2024","635.00","660.00","605.00","610.00","601.59","27,500"
"1767779644-338","https://finance.yahoo.com/quote/AKPI.JK/history/?period1=1718582400&period2=1766016000","Jul 26, 2024","625.00","665.00","605.00","610.00","601.59","31,200"
"1767779644-339","https://finance.yahoo.com/quote/AKPI.JK/history/?period1=1718582400&period2=1766016000","Jul 25, 2024","630.00","630.00","605.00","625.00","616.39","5,200"
"1767779644-340","https://finance.yahoo.com/quote/AKPI.JK/history/?period1=1718582400&period2=1766016000","Jul 24, 2024","640.00","640.00","615.00","625.00","616.39","900"
"1767779644-341","https://finance.yahoo.com/quote/AKPI.JK/history/?period1=1718582400&period2=1766016000","Jul 23, 2024","640.00","655.00","605.00","615.00","606.52","15,300"
"1767779644-342","https://finance.yahoo.com/quote/AKPI.JK/history/?period1=1718582400&period2=1766016000","Jul 22, 2024","615.00","660.00","605.00","640.00","631.18","14,200"
"1767779644-343","https://finance.yahoo.com/quote/AKPI.JK/history/?period1=1718582400&period2=1766016000","Jul 19, 2024","635.00","670.00","590.00","610.00","601.59","40,700"
"1767779644-344","https://finance.yahoo.com/quote/AKPI.JK/history/?period1=1718582400&period2=1766016000","Jul 18, 2024","620.00","635.00","595.00","605.00","596.66","14,700"
"1767779644-345","https://finance.yahoo.com/quote/AKPI.JK/history/?period1=1718582400&period2=1766016000","Jul 17, 2024","635.00","635.00","595.00","615.00","606.52","13,700"
"1767779644-346","https://finance.yahoo.com/quote/AKPI.JK/history/?period1=1718582400&period2=1766016000","Jul 16, 2024","620.00","660.00","605.00","605.00","596.66","11,200"
"1767779644-347","https://finance.yahoo.com/quote/AKPI.JK/history/?period1=1718582400&period2=1766016000","Jul 15, 2024","620.00","620.00","620.00","620.00","611.46","100"
"1767779644-348","https://finance.yahoo.com/quote/AKPI.JK/history/?period1=1718582400&period2=1766016000","Jul 12, 2024","605.00","635.00","585.00","605.00","596.66","12,100"
"1767779644-349","https://finance.yahoo.com/quote/AKPI.JK/history/?period1=1718582400&period2=1766016000","Jul 11, 2024","620.00","620.00","605.00","605.00","596.66","300"
"1767779644-350","https://finance.yahoo.com/quote/AKPI.JK/history/?period1=1718582400&period2=1766016000","Jul 10, 2024","615.00","650.00","600.00","610.00","601.59","10,700"
"1767779644-351","https://finance.yahoo.com/quote/AKPI.JK/history/?period1=1718582400&period2=1766016000","Jul 9, 2024","615.00","620.00","580.00","605.00","596.66","10,700"
"1767779644-352","https://finance.yahoo.com/quote/AKPI.JK/history/?period1=1718582400&period2=1766016000","Jul 8, 2024","630.00","630.00","585.00","590.00","581.87","54,300"
"1767779644-353","https://finance.yahoo.com/quote/AKPI.JK/history/?period1=1718582400&period2=1766016000","Jul 5, 2024","590.00","635.00","590.00","605.00","596.66","9,800"
"1767779644-354","https://finance.yahoo.com/quote/AKPI.JK/history/?period1=1718582400&period2=1766016000","Jul 4, 2024","595.00","610.00","595.00","610.00","601.59","2,100"
"1767779644-355","https://finance.yahoo.com/quote/AKPI.JK/history/?period1=1718582400&period2=1766016000","Jul 3, 2024","610.00","640.00","585.00","610.00","601.59","15,700"
"1767779644-356","https://finance.yahoo.com/quote/AKPI.JK/history/?period1=1718582400&period2=1766016000","Jul 2, 2024","640.00","645.00","610.00","630.00","621.32","9,000"
"1767779644-357","https://finance.yahoo.com/quote/AKPI.JK/history/?period1=1718582400&period2=1766016000","Jul 1, 2024","615.00","640.00","590.00","610.00","601.59","6,900"
"1767779644-358","https://finance.yahoo.com/quote/AKPI.JK/history/?period1=1718582400&period2=1766016000","Jun 28, 2024","620.00","675.00","585.00","615.00","606.52","53,400"
"1767779644-359","https://finance.yahoo.com/quote/AKPI.JK/history/?period1=1718582400&period2=1766016000","Jun 27, 2024","615.00","670.00","600.00","615.00","606.52","14,800"
"1767779644-360","https://finance.yahoo.com/quote/AKPI.JK/history/?period1=1718582400&period2=1766016000","Jun 26, 2024","615.00","665.00","605.00","615.00","606.52","25,600"
"1767779644-361","https://finance.yahoo.com/quote/AKPI.JK/history/?period1=1718582400&period2=1766016000","Jun 25, 2024","620.00","685.00","570.00","615.00","606.52","78,400"
"1767779644-362","https://finance.yahoo.com/quote/AKPI.JK/history/?period1=1718582400&period2=1766016000","Jun 24, 2024","605.00","680.00","605.00","620.00","611.46","25,500"
"1767779644-363","https://finance.yahoo.com/quote/AKPI.JK/history/?period1=1718582400&period2=1766016000","Jun 21, 2024","630.00","670.00","600.00","620.00","611.46","12,900"
"1767779644-364","https://finance.yahoo.com/quote/AKPI.JK/history/?period1=1718582400&period2=1766016000","Jun 20, 2024","595.00","655.00","595.00","635.00","626.25","11,600"
"1767779644-365","https://finance.yahoo.com/quote/AKPI.JK/history/?period1=1718582400&period2=1766016000","Jun 19, 2024","600.00","705.00","590.00","595.00","586.80","19,000"
